{"prfSys":
  {"node":"kred@kred-in-a-box",
   "total_ram":1044869120,
   "cores":2,
   "now":1395827823013.975,
   "procs":907,
   "context_switches":81.20296681555548,
   "gcs":12.030069157860071,
   "gc_reclaimed":253786.33895421607,
   "io_in":971.4280844972008,
   "io_out":5929.82158906186,
   "reductions":47035.06414282499,
   "run_queue":0,
   "total":668966312,
   "processes":81271954,
   "processes_used":81271926,
   "system":587694358,
   "atom":1771705,
   "atom_used":1739657,
   "binary":464987160,
   "code":39792525,
   "ets":70539792,
   "user":0.030075172894622824,
   "nice":0.0,
   "kernel":0.040100230526163766,
   "idle":1.8696732482747496,
   "iowait":0.0,
   "beam_user":0.005012528815884442,
   "beam_kernel":0.020050115263081883,
   "beam_vss":1805418496,
   "beam_rss":75648,
   "beam_minflt":47.11777086828528,
   "beam_majflt":0.0}}
